### 数据库及MySQL(Mariadb)
- 程序=指令+数据
- 二分法查找:数据按一定规则的顺序排列,然后取中间那个数值和我们要查找的值比较,然后再合适的那个范围内再取中间值,再进行比较,依此类推.平均要14次可以找到.这种方法有很大的局限性:必须是按顺序排列的
- ODBC:open database connection 开放数据库系统互联,把各种API都通过一种统一的风格输出出来.
- 统一的风格之后再通过驱动来和每一种开发语言来交流,驱动和开发语言结合非常紧密
- 驱动安装完成后,我们的用户不一定都是开发人员,这时候我们就可以提供一个界面,比如命令行界面.比如数据库中的`select, delete, update等等`
- DBMS Database Management System: 专门负责数据库管理的工具.
- Mariadb的特性:
    - 插件是存储引擎: 存储管理器有多种实现版本, 功能和特性可能略有差别,用户可根据需要灵活选择; 存储引擎也称为"表类型";
    - Mariadb 更多的存储引擎,MyISAM(不支持事务), Aria(MyISAM的下一代,能够在Mariadb崩溃后安全恢复的版本);InnoDB(支持事务)及InnoDB的升级版XtraDB
    - 诸多的扩展和新特性
    - 提供了较多的测试组件
    - 真正的开源
- 一个文件,有两种视图(展现的样子)
    - 用户视图(用户看到的样子)
    - 物理试图(磁盘看到的样子)
- 数据的组织结构(逻辑结构):
    - 层次型:有上下级关系的,一般一个子节点只有一个父节点
    - 网状型:一个子节点在不同的条件有不同的父节点.比如一个帖子是谁发的; 一个帖子是谁回复的.
    - 关系型:关系指的是二维关系,条目:entry(也可理解对象),对象之间的关系就叫关系
- 关系型数据库管理系统 Relational Database Management System,对关系型数据库来讲,用户最终展现出来的都是二维表,和表和表之间的关联关系,负责将用户数据组织成表,和维护表和表之间的关系就要交RDBMS
-  RDBMS应该具备的基本功能:
    1. 数据库的创建,删除
    2. 创建表,删除表,修改表
    3. 索引的创建,删除
    4. 用户和权限
    5. 数据的增删改
    6. 查询
- 这些命令都需要命令来完成,命令分为3类:
    - DML: Data Manipulate Language,数据操作语言
        - INSERT
        - REPLACE
        - UPDATE
        - DELETE
    - DDL: Data Defination Language 数据定义语言
        - CREATE 创建数据库(表)
        - ALTER 修改数据库(表)
        - DROP 删除数据库(表)
    - DCL: Data Control Language 数据控制语言
        - GRANT 授权
        - REVOKE 收回权限
    - SELECT,该命令的字段表示方法:
        - `*`表示所有字段
        - as,字段别名,col1 AS alias1
        ```
        mysql> SELECT id as stuid, name as stuname FROM students;
        +-------+----------+
        | stuid | stuname  |
        +-------+----------+
        |     2 | Lisi     |
        |     1 | Zhangsan |
        |     3 | Zhaowu   |
        +-------+----------+
        3 rows in set (0.00 sec)
        ```
- 其他命令:
    - 查看支持所有字符集: SHOW CHARACTER SET;
    - 查看支持所有排序规则: SHOW COLLATION;
- RDBMS软件:
    - Oracle: 复杂性不再操作系统之下,价格昂贵
    - Sybase: Sybase公司的
    - Infomix: 被IBM收购了
    - DB2: IBM公司的数据库
    - MySQL: 开源,早先非常小,08年被SUN收购;SUN后来被ORACLE收购,openoffice原来是SUN的一个开源项目,被ORACLE收购后,ORACLE开始卖授权,openoffce作者不乐意,出去搞了LibreOffice;MySQL作者也做了类似的事情,出去搞了MariaDB. Percona优化了MySQL,然后免费让人下载使用,卖咨询和服务,他们的备份软件免费开源.
    - PostgreSQL: 开源,有人重新包装了 PostgreSQL 叫EnterpriseDB
- 关系型数据库的范式极大地束缚了关系型数据库,数据库设计的时候为了尽可能满足范式,降低数据库冗余度,使其分成n个表,假如我们要发起大的查询,要把表读入内存连接起来,非常慢;现在数据库设计开始反关系化,称为反关系模型: NoSQL,更关注于读写性能.目前提供NoSQL的软件也有许多:
    - MongoDB 文档数据库
    - Redis 缓存数据库
    - Hbase 在自我内部实现数据管理,很独特,Hadoop的时候会讲
#### MYSQL初步,数据类型及SQL语句
- DBMS我们就有了如下优势:
    1. 数据管理的独立性
    2. 有效地完成数据存取
    3. 我们能够保证数据完整性和安全性
    4. 数据的集中管理:将多个不同需求的数据降低冗余以节约存储空间,并且也能够实现集中对用户的权限进行指派,大大降低了管理难度.
    5. 能够进行并发存储和故障恢复
    6. 减少应用程序开发时间.在数据层面上完成的.
- MySQL
    - 官网上的MySQL Connector就是我们前面所说的驱动
    - 软件包有三种格式:
        - 软件包管理器特有的格式: rpm包
        - 通用二进制格式: 相当于windows上的绿色版,解压就可以用
        - 源程序
    - 根据我们平台的特征来选择合适的版本(我们要选择Generic glibc Compressed  TAR Archive)
- 其实最简单的还是红帽官方的yum也有制作好的mysql,但是版本太老;MySQL官方提供的版本新很多,但是我们系统上很多以来MySQL的程序还是会安装系统上的老版本的MySQL,所以建议还是使用系统上的mysql,除非我们服务器只做MySQL服务器,我们可以安装官方的MySQL.
- MySQL 是C/S架构的,mysql是客户端,mysqld-safe是服务器端.服务器监听在tcp/3306,一般以mysql:mysql的身份去运行;数据默认情况下在红帽系统上保存在/var/lib/mysql/中
- 我们先用红帽官方的源来安装`[root@Aphey ~]# yum -y install mysql-server`
- 安装完Mysql,我们要先进行一个初始化的动作:mysql创建完成之后,有一个独特的数据库,就叫mysql,里面放的就是mysql的源数据(当前数据库上有多少个数据库,每个库叫什么名字,一个库里有多少张表,每个表叫什么名字,每个表里有多少字段,字段的属性定义...);初始化的过程就是建立这么个数据库的
- 启动数据库:
    ```
    [root@Aphey /]# service mysqld start
    Initializing MySQL database:  Installing MySQL system tables...
    OK  //注意第一次启动的时候他会自动初始化的.mariadb则是通过/usr/local/mysql/bin/mysql_secure_installation进行初始化
    Filling help tables...
    OK

    To start mysqld at boot time you have to copy
    support-files/mysql.server to the right place for your system

    PLEASE REMEMBER TO SET A PASSWORD FOR THE MySQL root USER ! //注意此root是数据库服务器的用户root,默认密码为空.
    To do so, start the server, then issue the following commands:

    /usr/bin/mysqladmin -u root password 'new-password'
    /usr/bin/mysqladmin -u root -h Aphey password 'new-password'

    Alternatively you can run:
    /usr/bin/mysql_secure_installation

    which will also give you the option of removing the test
    databases and anonymous user created by default.  This is
    strongly recommended for production servers.

    See the manual for more instructions.

    You can start the MySQL daemon with:
    cd /usr ; /usr/bin/mysqld_safe &

    You can test the MySQL daemon with mysql-test-run.pl
    cd /usr/mysql-test ; perl mysql-test-run.pl

    Please report any problems with the /usr/bin/mysqlbug script!

                                                               [  OK  ]
    Starting mysqld:                                           [  OK  ] 
    ```   
- mysql命令:__注意选项和参数之间可以不用加空格__
    - -u USERNAME 指明以哪个用户的身份去连接
    - -p 回车是让我们输入密码的,我们也可以在后面直接'PASSWORD'别人会看见的
    - -h MYSQL_SERVER 指定MYSQL服务器
    - 退出mysql可以使用'quit'或者`\q`
    - 上面的选项我们可以不给,不给默认的用户为root,默认密码为空,默认主机为localhost
- 注意MySQL的用户名比较独特其格式为:USERNAME@HOST_GRANTED,这个主机指的是客户端主机,允许你这个用户名在那些客户端主机上登入我们的服务器的.所以我们创建用户的时候要指明,用户名,用户密码,和在那些客户端主机上登入MYSQL服务器
- MySQL是长时间处于连接状态的,基于TCP协议的;如果服务器和客户端在同一台机器上的时候他们使用的连接方式: linux- socket方式/var/lib/mysql/mysql.sock 本机进程间通信,不需要网络驱动,所以速度快得多;windows-memory共享内存的方式.
- mysql是交互式客户端,有两种模式:
    - 交互式模式:输一条命令,执行一条命令
        - 客户端命令:在客户端本身执行的命令,在mysql>后输入`help`或者`\h`查询
        - 服务器端命令:命令发送到服务器端,由服务器端执行,并返回给客户端的命令,必须使用语句结束符,默认为分好
    - 批处理模式:执行mysql脚本,一次性执行n条命令
- SQL接口:每个数据库都有自己的扩展,比如MySQL的`SHOW DATABASES;`
    ```
    mysql> SHOW DATABASES;  //产看当前有多少个数据库
    +--------------------+
    | Database           |
    +--------------------+
    | information_schema |  // 这个是为了保证兼容的,如果其他服务器上不支持'SHOW'这样的命令的话,也能查找有多少个数据库,当中保留的就是类似于将数据库中所产生的执行中的信息,并提供一个查询接口,类似于/proc,关机后是空的,一开机一对东西
    | mysql              |  // 保存数据库,表的源数据的 
    | test               |
    +--------------------+
    3 rows in set (0.00 sec)
    // 同样如果我们在/var/lib/mysql中新建一个目录,再用SHOW DATABASES; 来查看
    [root@Aphey ~]# cd /var/lib/mysql/
    [root@Aphey mysql]# ls
    ibdata1  ib_logfile0  ib_logfile1  mysql  mysql.sock  test
    [root@Aphey mysql]# mkdir mydb
    [root@Aphey mysql]# mysql   //查询结果显示我们建的目录变成了数据库
    mysql> SHOW DATABASES;
    +--------------------+
    | Database           |
    +--------------------+
    | information_schema |
    | mydb               |
    | mysql              |
    | test               |
    +--------------------+
    4 rows in set (0.00 sec)
    // 数据库名字是否区分大小写取决于服务器的文件系统,windows上就不区分大小写.
    ```
- 关系数据库对象:
    - 库
    - 表
    - 索引
    - 视图(虚表)
    - 约束(键)
    - 存储过程
    - 存储函数
    - 触发器
    - 游标
    - 用户
    - 权限
    - 事务
- 表:由行和列组成,行,row叫实体,列:field,column,表称为一个实体集.
- 字段名称,数据类型,类型修饰符(类似于约束限制的功能)
    - 字符型,默认不区分大小写
        - CHAR(n) 字符(长度)
        - VARCHAR(n) 可变长度的字符
        - BINARAY(n) 区分大小写
        - VARBINARY(n) 可变长度,区分大小写
        - TEXT(n) 文本大对象,不区分大小写
        - BLOB(n) BINARY Large Obeject 二进制文本大对象,区分大小写
    - 数值型
        - 精确数值
            - 整型,有一个修饰符:UNSIGNED 无符号的意思(数字无负号,只表示正数或0).NOT NULL 不允许为空,DEFAULT:给一个默认值
                - 微整型: TINYINT, 1个字节-128~127,或者0~256
                - 小整型: SMALLINT,2个字节
                - 中整型: MEDINMINT,3个字节
                - 整型: INT,4个字节
                - 大整型:BIGINT,8个字节
            - 十进制数值型 Decimal
        - 近似数值
            - 浮点型:
                - FLOAT:浮点型
                - DOUBLE:双精度
    - 日期型
        - DATE
        - TIME
        - DATETIME
        - STAMP
    - 布尔:MYSQL用0,1来表示
    - MySQL还有两个内置类型: Enum(enumeration:枚举)只接受枚举中的几个选项;还有个SET集合类型
- 类型修饰符: 
    - UNSIGNED 无符号的意思(数字无负号,只表示正数或0),只适用于数值型
    - AUTO_INCREMENT 自动增长,通常用来修饰整数的
    - NOT NULL 不允许为空,适用于所有类型
    - DEFAULT 给一个默认值,适用于所有类型
- 字段修饰:也是适用所有类型
    - PRIMARY KEY
    - UNIQUE KEY
    - INDEX 索引
#### MYSQL常用命令(MYSQL命令不区分大小写,我们最好统一风格,要么都小写,要么都大写)
- DDL
    - CREATE: 创建数据库(表);可在mysql交互界面输入`help CREATE TABLE`
        ```
        //创建数据库: CREATE DATABASE db_name;
        mysql> CREATE DATABASE testdb;
        Query OK, 1 row affected (0.00 sec)

        mysql> SHOW DATABASES;
        +--------------------+
        | Database           |
        +--------------------+
        | information_schema |
        | mydb               |
        | mysql              |
        | test               |
        | testdb             |
        +--------------------+
        5 rows in set (0.00 sec)
        //当我们创建的数据库已经存在的时候,会提示错误,我们可以使用CREATE DATABASE IF NOT EXISTS db_name; 表示数据库不存在,就创建这个数据库, 就不再提示错误.
        mysql> CREATE DATABASE IF NOT EXISTS testdb;
        Query OK, 1 row affected, 1 warning (0.00 sec)
        ```
        
        ```
        //创建数据表: CREATE TABLE table_name(column 1,column 2,...);
        //在数据库中创建表的方法为: CREATE TABLE db_name.table_name; , 或者使用客户端命令设定一个默认数据库:USE mydb; 表示把mydb数据库作为我的默认数据库.
        mysql> CREATE TABLE students(Name CHAR(20) NOT NULL,Age TINYINT UNSIGNED, Gender CHAR(1) NOT NULL);
        ERROR 1005 (HY000): Can't create table 'students' (errno: 13) 
        //报错的原因是mydb这个数据库使我们在/var/lib/mysql/目录下创建的目录,其属主和属组是 root
        [root@Aphey ~]# ll /var/lib/mysql/
        total 20492
        -rw-rw---- 1 mysql mysql  5242880 Jul 19 02:51 ib_logfile1
        drwxr-xr-x 2 root  root      4096 Jul 19 03:25 mydb
        drwx------ 2 mysql mysql     4096 Jul 19 02:51 mysql
        [root@Aphey ~]# rm /var/lib/mysql/mydb -rf  //删掉那个那个我们手动建的mydb/.
        mysql> SHOW DATABASES;  //mydb已经从数据库列表中消失了.
        +--------------------+
        | Database           |
        +--------------------+
        | information_schema |
        | mysql              |
        | test               |
        +--------------------+
        3 rows in set (0.00 sec)
        mysql> CREATE DATABASE IF NOT EXISTS mydb;  //重新创建数据库mydb
        Query OK, 1 row affected (0.00 sec)

        mysql> SHOW DATABASES;  //查看当前有那些数据库
        +--------------------+
        | Database           |
        +--------------------+
        | information_schema |
        | mydb               |
        | mysql              |
        | test               |
        +--------------------+
        4 rows in set (0.00 sec)
        
        mysql> USE mydb;    //制定默认数据库
        Database changed
        mysql> CREATE TABLE students(Name CHAR(20) NOT NULL,Age TINYINT(1) UNSIGNED,Gender CHAR(1) NOT NULL);
        Query OK, 0 rows affected (0.01 sec)
        //查看库中的表: SHOW TABLES FROM db_name; , 查看表的结构:(Description)  DESC tb_name;
        mysql> SHOW TABLES; //从默认库中查询表 可以不用FROM 指定
        +----------------+
        | Tables_in_mydb |
        +----------------+
        | Students       |
        +----------------+
        1 row in set (0.00 sec)
        
        mysql> DESC students;   //查询表students的表结构
        +--------+---------------------+------+-----+---------+-------+
        | Field  | Type                | Null | Key | Default | Extra |
        +--------+---------------------+------+-----+---------+-------+
        | Name   | char(20)            | NO   |     | NULL    |       |
        | Age    | tinyint(3) unsigned | YES  |     | NULL    |       |
        | Gender | char(1)             | NO   |     | NULL    |       |
        +--------+---------------------+------+-----+---------+-------+
        3 rows in set (0.00 sec)     
        
        MariaDB [test]> CREATE TABLE students (id int UNSIGNED NOT NULL PRIMARY KEY, name varchar(20) NOT NULL, age tinyint UNSIGNED)
        // 上面的语句表示把id列设置为主键了,如果我要把主键设置在id和name两个上面,不可以在上面语句的name后面加PRIMARY KEY,因为一张表只能有一个主键,但是一个主键可以绑定几个列(组合式的主键),则可以且只可以通过下面的语句:
        MariaDB [test]> CREATE TABLE students (id int UNSIGNED NOT NULL, name varchar(20) NOT NULL, age tinyint UNSIGNED,PRIMARY KEY (id,name)) 
        // 除了PRIMARY KEY, 还可以设立 INDEX索引和UNIQUE KEY唯一键
        // 创建表的时候还可以使用表选项,常用的是ENGINE [=] engine_name; 可以通过SHOW ENGINES;查看支持的engine_name
        // 查看创建命令: SHOW CREATE TABLE table_name; 就可以查看table_name表创建时用的是什么命令了
        // 查看表状态: SHOW TABLE STATUS LIKE `table_name`; 就可以查看table_name表的状态了
        MariaDB [test]> SHOW TABLE STATUS LIKE 'students'\G //用\G可以把每一行数据竖着排列
        *************************** 1. row ***************************
                   Name: students
                 Engine: InnoDB
                Version: 10
             Row_format: Compact
                   Rows: 0
         Avg_row_length: 0
            Data_length: 16384
        Max_data_length: 0
           Index_length: 0
              Data_free: 0
         Auto_increment: NULL
            Create_time: 2018-01-10 17:46:15
            Update_time: NULL
             Check_time: NULL
              Collation: latin1_swedish_ci
               Checksum: NULL
         Create_options: 
                Comment: 
        ```
    - ALTER: 修改库或者表;可在mysql交互界面输入`help ALTER TABLE`
        - MODIFY: 修改某个字段,字段名不改,修改属性;用法同CHANGE.
        - CHANGE: 改变某个字段,字段名称也会改变的,注意就算参数不变,我们也要照着再敲一边,ALTER TABLE tb_name CHANGE old_column_name  new_column_name PARAMETERS [FIRST(放在第一列)| AFTER column_name(放在某一列后面)];
        - ADD: 添加一个字段;语法: ALTER TABLE tb_name ADD column_name PARAMETERS [FIRST(放在第一列)| AFTER column_name(放在某一列后面)]; 
        - DROP: 删除一个字段
        ```
        // 往students表中增加一个字段Courses,且位于Age列后面
                
        mysql> ALTER TABLE students ADD course VARCHAR(100) AFTER Age;
        Query OK, 0 rows affected (0.00 sec)
        Records: 0  Duplicates: 0  Warnings: 0
        
        mysql> Desc students;
        +--------+---------------------+------+-----+---------+-------+
        | Field  | Type                | Null | Key | Default | Extra |
        +--------+---------------------+------+-----+---------+-------+
        | Name   | char(20)            | NO   |     | NULL    |       |
        | Age    | tinyint(3) unsigned | YES  |     | NULL    |       |
        | course | varchar(100)        | YES  |     | NULL    |       |
        | Gender | char(1)             | NO   |     | NULL    |       |
        +--------+---------------------+------+-----+---------+-------+
        4 rows in set (0.00 sec)  
        
        // course首字母没有大写,我们想把它改成首字母大写.
        mysql> ALTER TABLE students CHANGE course Course VARCHAR(100);
        Query OK, 0 rows affected (0.00 sec)
        Records: 0  Duplicates: 0  Warnings: 0

        mysql> DESC students;
        +--------+---------------------+------+-----+---------+-------+
        | Field  | Type                | Null | Key | Default | Extra |
        +--------+---------------------+------+-----+---------+-------+
        | Name   | char(20)            | NO   |     | NULL    |       |
        | Age    | tinyint(3) unsigned | YES  |     | NULL    |       |
        | Course | varchar(100)        | YES  |     | NULL    |       |
        | Gender | char(1)             | NO   |     | NULL    |       |
        +--------+---------------------+------+-----+---------+-------+
        4 rows in set (0.00 sec)     
        // 可以修改表添加唯一键约束,比如添加name字段为唯一键
        mysql> ALTER TABLE students ADD UNIQUE KEY(name);
        Query OK, 0 rows affected (0.10 sec)
        Records: 0  Duplicates: 0  Warnings: 0
        // 查看一个表上的索引: SHOW INDEXES FROM table_name;
        // 索引:是特殊的数据结构,其存在的目的就是为了加速查询操作,最好定义在查找时作为条件的字段上,引可以有索引名称,如果不给的话通常就是字段名,一般不修改索引,要么直接删除.创建索引的方法: CREATE INDEX index_name ON table_name (index_column_name,...);创建完不用了,可以直接删除,必须删除,否则每次插入数据或者删除数据都会引起索引修改,一定会产生多余的IO影响性能;删除索引: DROP INDEX index_name ON table_name;
        ```
        
    - DROP: 删除;注意MYSQL没有回收站的概念,删了就没了,无法恢复,过程是不可逆的.
        ```
        //删除数据库的命令为 DROP DATABASE [IF EXISTS] db_name;
        mysql> DROP DATABASE testdb;
        Query OK, 0 rows affected (0.00 sec)

        mysql> SHOW DATABASES;
        +--------------------+
        | Database           |
        +--------------------+
        | information_schema |
        | mydb               |
        | mysql              |
        | test               |
        +--------------------+
        4 rows in set (0.00 sec)
        
        // 删除数据表: DROP TABLE [IF EXISTS] table_name; 
        mysql> CREATE TABLE testtable(Test VARCHAR(100));   //创建一个测试表
        Query OK, 0 rows affected (0.01 sec)

        mysql> SHOW TABLES; // 创建测试表成功
        +----------------+
        | Tables_in_mydb |
        +----------------+
        | students       |
        | testtable      |
        +----------------+
        2 rows in set (0.00 sec)
        
        mysql> DROP TABLE testtable;    //删除测试表
        Query OK, 0 rows affected (0.00 sec)

        mysql> SHOW TABLES; //查看 发现测试表删除成功
        +----------------+
        | Tables_in_mydb |
        +----------------+
        | students       |
        +----------------+
        1 row in set (0.00 sec)             
                                                                        
        // 删除字段: ALTER TABLE tb_name DROP col_name;
        mysql> ALTER TABLE students DROP Course;    //删除Course字段
        Query OK, 0 rows affected (0.00 sec)
        Records: 0  Duplicates: 0  Warnings: 0
        
        mysql> DESC students;   // 查看表结构发现Course字段已被删除
        +--------+---------------------+------+-----+---------+-------+
        | Field  | Type                | Null | Key | Default | Extra |
        +--------+---------------------+------+-----+---------+-------+
        | Name   | char(20)            | NO   |     | NULL    |       |
        | Age    | tinyint(3) unsigned | YES  |     | NULL    |       |
        | Gender | char(1)             | NO   |     | NULL    |       |
        +--------+---------------------+------+-----+---------+-------+
        3 rows in set (0.00 sec)
        ```
- DML
    - INSERT: 插入数据,语法: INSERT INTO tb_name (col1,col2,...如果每个字段都有值,就不需要写字段名称了) VALUE|VALUES ('字符串要用引号引起来',NUM,...); ,MYSQL还支持批量插入比如  INSERT INTO tb_name (col1,col2,...如果每个字段都有值,就不需要写字段名称了) VALUE|VALUES ('字符串要用引号引起来',NUM,...)(第二行'字符串要用引号引起来',NUM,...)(第三行'字符串要用引号引起来',NUM,...) ;
        ```
        // 给students表中插入两个用户,下面的例子用的就是批量插入的
        // 先查看表结构,看哪些字段可以为空,我们就不给数据了.
        mysql> DESC students;   // 查看表结构发现Age字段可以为空,那我们就不给Age数据了
        +--------+---------------------+------+-----+---------+-------+
        | Field  | Type                | Null | Key | Default | Extra |
        +--------+---------------------+------+-----+---------+-------+
        | Name   | char(20)            | NO   |     | NULL    |       |
        | Age    | tinyint(3) unsigned | YES  |     | NULL    |       |
        | Gender | char(1)             | NO   |     | NULL    |       |
        +--------+---------------------+------+-----+---------+-------+
        
        mysql> INSERT INTO students (Name,Gender) VALUES ('Zhang San','M'),('Lisi','F');Query OK, 2 rows affected (0.00 sec)
        Records: 2  Duplicates: 0  Warnings: 0  

        mysql> SELECT * FROM students;  //查看表中的数据
        +-----------+------+--------+
        | Name      | Age  | Gender |
        +-----------+------+--------+
        | Zhang San | NULL | M      |
        | Lisi      | NULL | F      |
        +-----------+------+--------+
        2 rows in set (0.02 sec)
        
        // 下面我们再插入一条数据,所有字段都给数据,这样我们就不用再指定字段了
        mysql> INSERT INTO students VALUES ('Wangwu',24,'M'); // VALUES或者VALUE都可以
        Query OK, 1 row affected (0.00 sec)

        mysql> SELECT * FROM students;  //查看数据发现插入数据成功
        +-----------+------+--------+
        | Name      | Age  | Gender |
        +-----------+------+--------+
        | Zhang San | NULL | M      |
        | Lisi      | NULL | F      |
        | Wangwu    |   24 | M      |
        +-----------+------+--------+
        3 rows in set (0.00 sec)
        ```
    - REPLACE: 替换数据
    - UPDATE: 修改数据,语法: UPDATE tb_name SET column=new_value WHERE CONDITION(条件只要能确定是哪一条即可,如果不指定条件那么所有条目的对应字段都会被改掉)
        ```
        //我们不加WHERE条件,修改年龄为27看看会发生什么
        mysql> UPDATE students SET Age=27;  //不指定WHERE条件
        Query OK, 3 rows affected (0.00 sec)
        Rows matched: 4  Changed: 3  Warnings: 0
        
        mysql> SELECT * FROM students;  // 查看数据发现所有人的年龄都变成了27
        +-----------+------+--------+
        | Name      | Age  | Gender |
        +-----------+------+--------+
        | Zhang San |   27 | M      |
        | Lisi      |   27 | F      |
        | Wangwu    |   27 | M      |
        | ZhaoLiu   |   27 | F      |
        +-----------+------+--------+
        4 rows in set (0.00 sec)
        
        // 现在我们用WHERE来指定条件,把赵六的年龄改成25 
        mysql> UPDATE students SET Age=25 WHERE Name='ZhaoLiu'; //字符串一定要用引号引起来,年龄的值是整型,可以不用引号
        Query OK, 1 row affected (0.00 sec)
        Rows matched: 1  Changed: 1  Warnings: 0

        mysql> SELECT * FROM students;
        +-----------+------+--------+
        | Name      | Age  | Gender |
        +-----------+------+--------+
        | Zhang San |   27 | M      |
        | Lisi      |   27 | F      |
        | Wangwu    |   27 | M      |
        | ZhaoLiu   |   25 | F      |
        +-----------+------+--------+
        4 rows in set (0.00 sec)
        ```
        - WHERE实现了条件比较,这种条件比较,我们称为"选择",我们在表中完成操作的时候一般有两类操作:
            - 选择:我们根据某一个搜索码(选择码),即我们指定某个字段与某值比较,筛选符合条件的行,让他显示出来,这个过程就叫选择.
            - 投影:即只留某一部分字段及其下面的值,简单理解来说就是灯光从上往下照的.
                ```
                //比如,我们要在students表中显示女性学生的姓名和年龄,不显示性别字段
                mysql> SELECT Name,Age FROM students WHERE Gender='F';
                +---------+------+
                | Name    | Age  |
                +---------+------+
                | Lisi    |   27 |
                | Wangwu  |   27 |
                | ZhaoLiu |   25 |
                +---------+------+
                3 rows in set (0.00 sec)
                ```
            - WHERE字句:
                - 操作符:`>,<,>=,<=,!=,BETWEEN...AND...,LIKE(模糊匹配,%,表示任意长度的任意字符,_,单个任意字符)`
                - 条件逻辑操作:`and,or,not`
                - IS NULL/IS NOT NULL 表示字段为空/非空
            ```            
            mysql> SELECT * FROM students WHERE id>1 AND id<3;
            +------+------+------+--------+
            | id   | name | age  | gender |
            +------+------+------+--------+
            |    2 | Lisi |   22 | Female |
            +------+------+------+--------+
            1 row in set (0.00 sec)
            //上面的语句等同于下面的语句     
            mysql> SELECT * FROM students WHERE id BETWEEN 1 AND 3;
            +------+----------+------+--------+
            | id   | name     | age  | gender |
            +------+----------+------+--------+
            |    2 | Lisi     |   22 | Female |
            |    1 | Zhangsan |   21 | Male   |
            |    3 | Zhaowu   | NULL | NULL   |
            +------+----------+------+--------+
            3 rows in set (0.00 sec)
            // LIKE 模糊匹配,可以使用通配符
            mysql> SELECT * FROM students WHERE name LIKE 'Z%';
            +------+----------+------+--------+
            | id   | name     | age  | gender |
            +------+----------+------+--------+
            |    1 | Zhangsan |   21 | Male   |
            |    3 | Zhaowu   | NULL | NULL   |
            +------+----------+------+--------+
            2 rows in set (0.00 sec)
            ```
    - DELETE: 删除数据,DELETE FROM tb_name WHERE CONDITION; 只删除符合条件的行.___务必要指定条件___
    ```
    mysql> DELETE FROM students WHERE id=3;
    Query OK, 1 row affected (0.03 sec)

    mysql> SELECT * FROM students;
    +------+----------+------+--------+
    | id   | name     | age  | gender |
    +------+----------+------+--------+
    |    2 | Lisi     |   22 | Female |
    |    1 | Zhangsan |   21 | Male   |
    +------+----------+------+--------+
    2 rows in set (0.00 sec)
    ```
- DCL
    - 创建用户: CREATE USER 'USERNAME'@'HOST' IDENTIFIED BY 'PASSWORD'; //创建用户,指定密码,注意 jerry@localhost,和jerry@127.0.0.1不是同一个用户
    - 删除用户: DROP USER 'USERNAME'@'HOST';
    - 主机表示方法:
        - IP地址
        - HOSTNAME主机名
        - NETWORK网络地址`192.168.1.0`
        - 通配符:__使用通配符的时候一定要用引号引起来__
            - `_`:任意单个字符,所以`172.16.0.__`表示`172.16.0.10-172.16.0.99`
            - `%`:匹配任意长度的任意字符
            - jerry@'%'表示jerrt可以从所有主机上登录
    - 授权GRANT,语法GRANT pri1,pri2,... ON DB_NAME.TB_NAME TO 'USERNAME'@'HOST' [IDETIFIED BY 'PASSWD']; //select,delete,update..都算privilege,ALL PRIVILEGES 表示所有权限;同时如果用户不存在,通过这个授权命令也能自动创建用户.通常情况下,MariaD服务进程会自动重读授权表.对于不能够或者不能及时重读授权表的命令,可手动让MariaDB的服务进程重读授权表`FLUSH PRIVILEGES`
    - 取消权限:REVOKE pri1,pri2,... ON DB_NAME.TB_NAME FROM 'USERNAME'@'HOST' 
    - 查看用户的权限: SHOW GRANTS FOR 'USERNAME'@'HOST';
    ```
    //创建用户jerry
    mysql> CREATE USER 'jerry'@'%' IDENTIFIED BY 'jerry';
    Query OK, 0 rows affected (0.03 sec)
    
    mysql> SHOW GRANTS FOR 'jerry'@'%'; //查看jerry用户的权限
    +------------------------------------------------------------------------------------------------------+
    | Grants for jerry@%                                                                                   |
    +------------------------------------------------------------------------------------------------------+
    | GRANT USAGE ON *.* TO 'jerry'@'%' IDENTIFIED BY PASSWORD '*09FB9E6E2AA0750E9D8A8D22B6AA8D86C85BF3D0' |
    +------------------------------------------------------------------------------------------------------+
    1 row in set (0.00 sec)
    
    mysql> GRANT ALL PRIVILEGES ON mydb.* TO 'jerry'@'%'; //赋予'jerry'@'%'所有权限
    Query OK, 0 rows affected (0.00 sec)    
    // 查看当前用户的权限
    mysql> SHOW GRANTS FOR CURRENT_USER;
    // 收回权限
    mysql> REVOKE ALL PRIVILEGES ON *.* FROM 'aphey'@'%';
    Query OK, 0 rows affected (0.00 sec)
    // 删除用户
    mysql> DROP USER 'aphey'@'%';
    Query OK, 0 rows affected (0.00 sec)
    ```
    
- 为用户设定密码
    1. 在mysql 客户端交互界面执行`mysql> SET PASSWORD FOR 'USERNAME'@'HOST'=PASSWORD('password');`, 其中PASSWORD('密码')是个函数.
        ```
        mysql> set password for root@localhost = password('root');
        Query OK, 0 rows affected (0.00 sec)

        mysql> exit
        [root@localhost lamp]# mysql -u root -h localhost -p
        Enter password: //输入上面射定的密码root即可登入
        Welcome to the MySQL monitor.  Commands end with ; or \g.
        Your MySQL connection id is 5
        ```
    2. 在linux shell 中执行`mysqladmin -uUSERNAME -hHOST -p password(这是关键字) 'NEWPASSWORD'`
        ```
        [root@Aphey ~]# mysqladmin -uroot -h127.0.0.1 -p password 'root'   //修改'root'@'127.0.0.1'的密码
        Enter password: 
        [root@Aphey ~]# mysql   //修改完密码后,再进入mysql,发现报错
        ERROR 1045 (28000): Access denied for user 'root'@'localhost' (using password: NO)
        [root@Aphey ~]# mysql [-uroot] -p //修改密码后需要以这种方式来登录了
        Enter password: 
        Welcome to the MySQL monitor. 
        ```
    3. 修改user这张表:mysql> UPDATE user SET Password=PASSWORD('NEWPASSWORD') WHERE USER='USERNAME' AND Host='HOSTNAME';    //字段不区分大小写
        ```
        mysql> UPDATE user SET Password=PASSWORD('123456') WHERE User='root' AND Host='127.0.0.1'
        Query OK, 1 row affected (0.00 sec)
        Rows matched: 1  Changed: 1  Warnings: 0

        mysql> FLUSH PRIVILEGES;
        Query OK, 0 rows affected (0.00 sec)
        ```
- MYSQL对所有用户的认证信息是载入在内存当中的,所以当我们修改了用户的密码或者权限的时候我们要用`mysql> FLUSH PRIVILEGES`来让我们的MYSQL数据库重新加载users这张表.
- 建立一个root用户,让其能够远程连接,并且拥有所有权限.
    ```
    mysql> GRANT ALL PRIVILEGES ON *.* TO 'root'@'%' IDENTIFIED BY 'root';  //授权给'root'@'%',并为其设立密码"root"
    
    mysql> FLUSH PRIVILEGES;    //刷新权限
    ```
- MYSQL 图形化客户端工具:
    - phpMyAdmin
    - Workbench: MySQL官方提供的工具
    - MySQL Front
    - Navicat for MySQL 等等
